                  epoch,         train/box_loss,         train/cls_loss,         train/dfl_loss,   metrics/precision(B),      metrics/recall(B),       metrics/mAP50(B),    metrics/mAP50-95(B),           val/box_loss,           val/cls_loss,           val/dfl_loss,                 lr/pg0,                 lr/pg1,                 lr/pg2
                      0,                 1.1534,                 3.0567,                 1.3321,                 0.0075,                0.48203,                0.26218,                 0.1892,                0.95151,                 3.1875,                 1.1374,             0.00011669,             0.00011669,             0.00011669
                      1,                 1.0994,                 2.2418,                 1.2155,                0.97858,                  0.074,                0.29659,                0.21728,                 1.0038,                 2.8618,                 1.0937,             0.00024881,             0.00024881,             0.00024881
                      2,                 1.1035,                 1.6006,                 1.2148,                0.97172,                0.11046,                0.31174,                 0.2151,                 1.0364,                 2.7677,                 1.1242,             0.00037961,             0.00037961,             0.00037961
                      3,                 1.1057,                 1.4682,                 1.2334,                0.72892,                0.22395,                0.31082,                0.22679,                 1.0979,                 2.5938,                 1.1527,              0.0005091,              0.0005091,              0.0005091
                      4,                 1.0917,                 1.3708,                 1.2126,                0.84278,                0.28425,                0.34748,                0.25713,                 1.0701,                 2.2984,                 1.1369,             0.00063726,             0.00063726,             0.00063726
                      5,                 1.1177,                 1.3287,                 1.2038,                0.65783,                0.29839,                0.32482,                0.21967,                 1.1627,                 2.3573,                 1.2061,              0.0007641,              0.0007641,              0.0007641
                      6,                 1.1523,                 1.3818,                 1.2516,                0.65246,                0.29317,                0.31033,                0.17648,                 1.3102,                  2.392,                 1.4116,             0.00088962,             0.00088962,             0.00088962
                      7,                 1.1365,                 1.3804,                 1.2329,                0.65769,                0.28095,                0.34192,                0.21313,                 1.1812,                 2.2544,                 1.2786,              0.0010138,              0.0010138,              0.0010138
                      8,                 1.2308,                 1.4405,                 1.2804,                0.69999,                0.34219,                0.39573,                0.26188,                 1.1719,                 2.1147,                 1.2544,              0.0011367,              0.0011367,              0.0011367
                      9,                 1.1205,                 1.3217,                 1.2032,                 0.6067,                0.35747,                0.43994,                0.28888,                 1.1948,                 1.9579,                 1.2716,              0.0012583,              0.0012583,              0.0012583
                     10,                  1.173,                 1.3123,                 1.2319,                0.43245,                0.34434,                0.32778,                0.20504,                 1.2962,                 2.2219,                  1.331,              0.0013785,              0.0013785,              0.0013785
                     11,                 1.1932,                 1.3354,                 1.2387,                0.51174,                0.31391,                0.35557,                 0.2015,                 1.4151,                 2.3123,                 1.5151,              0.0014974,              0.0014974,              0.0014974
                     12,                  1.117,                 1.2429,                 1.1957,                0.57559,                0.39094,                0.39973,                0.21947,                 1.4438,                 2.1493,                  1.495,               0.001568,               0.001568,               0.001568
                     13,                 1.1388,                 1.3278,                 1.2708,                0.41208,                0.36183,                0.32818,                0.18955,                  1.434,                 2.2713,                 1.5269,               0.001568,               0.001568,               0.001568
                     14,                 1.1308,                 1.2409,                 1.2125,                0.67578,                0.49396,                0.53551,                0.32318,                 1.3252,                   1.81,                 1.5202,              0.0015597,              0.0015597,              0.0015597
                     15,                 1.1119,                 1.1761,                 1.1992,                0.51025,                0.51981,                0.47774,                0.30188,                 1.2726,                 1.8125,                  1.332,              0.0015515,              0.0015515,              0.0015515
                     16,                 1.0801,                 1.1188,                 1.1614,                0.69702,                0.60449,                0.62567,                0.38296,                 1.2718,                 1.4696,                 1.3122,              0.0015432,              0.0015432,              0.0015432
                     17,                 1.1136,                 1.2184,                 1.2062,                0.66712,                 0.6318,                0.66177,                0.40402,                 1.2352,                 1.4791,                 1.3372,               0.001535,               0.001535,               0.001535
                     18,                 1.0725,                 1.1578,                 1.1969,                0.62405,                0.61648,                0.62665,                0.39772,                 1.1704,                 1.4217,                 1.2824,              0.0015267,              0.0015267,              0.0015267
                     19,                 1.0889,                 1.1268,                  1.204,                 0.5082,                0.51001,                0.46883,                0.29988,                 1.1767,                 1.7549,                 1.2614,              0.0015185,              0.0015185,              0.0015185
                     20,                 1.0251,                 1.0792,                  1.176,                0.62358,                0.43186,                0.47347,                0.30231,                 1.2248,                 1.7412,                  1.292,              0.0015102,              0.0015102,              0.0015102
                     21,                 1.0525,                 1.0707,                 1.1749,                0.52582,                0.45085,                0.44385,                0.27572,                 1.3086,                 1.8804,                  1.328,               0.001502,               0.001502,               0.001502
                     22,                 1.0549,                 1.0656,                 1.1562,                  0.533,                0.45155,                0.43954,                0.29163,                 1.2305,                 1.8443,                 1.2844,              0.0014937,              0.0014937,              0.0014937
                     23,                0.99571,                 1.0412,                 1.1561,                0.70439,                  0.519,                0.59361,                0.37647,                 1.2043,                 1.5233,                 1.2276,              0.0014855,              0.0014855,              0.0014855
                     24,                 1.0241,                0.96149,                 1.1555,                0.73186,                0.65442,                0.69459,                0.43955,                 1.1448,                 1.3539,                 1.2031,              0.0014772,              0.0014772,              0.0014772
                     25,                 1.0135,                0.99645,                 1.1581,                0.72413,                0.60047,                0.68025,                0.41687,                 1.1991,                 1.3527,                 1.2257,               0.001469,               0.001469,               0.001469
                     26,                 1.0298,                0.99371,                 1.1463,                0.74492,                0.67499,                0.73694,                0.47268,                 1.1309,                  1.227,                 1.1949,              0.0014607,              0.0014607,              0.0014607
                     27,                 1.0036,                0.96721,                 1.1398,                0.73731,                0.70356,                0.74636,                0.49742,                 1.0783,                 1.1692,                 1.1596,              0.0014525,              0.0014525,              0.0014525
                     28,                0.99988,                0.98603,                 1.1139,                0.72861,                0.71668,                0.74156,                0.46848,                 1.1433,                 1.2849,                 1.1888,              0.0014442,              0.0014442,              0.0014442
                     29,                 1.0066,                  0.962,                 1.1309,                0.73779,                0.71805,                 0.7281,                0.47511,                 1.1804,                 1.2706,                 1.2386,               0.001436,               0.001436,               0.001436
                     30,                 0.9816,                0.95288,                 1.1357,                0.70082,                0.68449,                0.71119,                0.45319,                 1.1943,                 1.3058,                 1.2524,              0.0014277,              0.0014277,              0.0014277
                     31,                0.99626,                0.91255,                  1.152,                0.71014,                0.68188,                0.75605,                0.49497,                 1.1121,                 1.2123,                 1.1946,              0.0014195,              0.0014195,              0.0014195
                     32,                0.92764,                0.90171,                 1.1203,                0.73099,                0.72738,                0.77482,                 0.5108,                 1.0486,                 1.1197,                 1.1509,              0.0014112,              0.0014112,              0.0014112
                     33,                0.96969,                0.92649,                 1.1221,                0.81821,                0.75314,                0.80774,                0.54618,                0.97848,                 1.0234,                 1.1006,              0.0014029,              0.0014029,              0.0014029
                     34,                 0.9356,                0.90901,                 1.0785,                0.76417,                0.77705,                0.79672,                0.53322,                 0.9451,                 1.0849,                   1.09,              0.0013947,              0.0013947,              0.0013947
                     35,                0.93888,                 0.9179,                  1.116,                0.73829,                0.72022,                0.76139,                0.52397,                0.96808,                 1.1099,                 1.1198,              0.0013864,              0.0013864,              0.0013864
                     36,                0.94839,                0.90712,                 1.0803,                0.78404,                0.79803,                 0.8359,                 0.5772,                0.91442,                 1.0966,                 1.0887,              0.0013782,              0.0013782,              0.0013782
                     37,                0.92011,                 0.8941,                 1.0986,                0.79308,                0.77616,                0.83239,                0.56396,                0.94801,                 1.0359,                 1.1032,              0.0013699,              0.0013699,              0.0013699
                     38,                0.87398,                0.85189,                 1.0793,                0.75144,                0.73927,                0.78029,                0.51007,                0.98296,                 1.0963,                 1.1409,              0.0013617,              0.0013617,              0.0013617
                     39,                0.94595,                0.89901,                 1.1126,                0.79415,                 0.7635,                0.81544,                0.55167,                0.95291,                0.96946,                 1.1129,              0.0013534,              0.0013534,              0.0013534
                     40,                0.94071,                0.88192,                 1.1106,                0.82029,                0.77938,                0.83477,                0.57133,                0.92886,                0.92882,                 1.0855,              0.0013452,              0.0013452,              0.0013452
                     41,                0.93737,                0.90367,                   1.12,                0.82762,                0.74679,                0.80318,                0.57209,                0.91554,                0.93023,                 1.0923,              0.0013369,              0.0013369,              0.0013369
                     42,                0.89978,                0.80982,                 1.1005,                0.80207,                0.77481,                 0.8181,                0.56626,                0.91901,                 0.9524,                 1.0968,              0.0013287,              0.0013287,              0.0013287
                     43,                0.88586,                0.83523,                  1.092,                0.78782,                0.79109,                0.84201,                0.55313,                0.98105,                 1.0108,                 1.1062,              0.0013204,              0.0013204,              0.0013204
                     44,                0.93502,                0.83951,                 1.0992,                0.78045,                0.80353,                0.86345,                0.60149,                0.88424,                0.97876,                 1.0607,              0.0013122,              0.0013122,              0.0013122
                     45,                0.89872,                0.81691,                 1.0645,                0.86789,                 0.7529,                0.85206,                0.56934,                 0.9646,                 0.9296,                 1.0799,              0.0013039,              0.0013039,              0.0013039
                     46,                0.90138,                0.77743,                 1.0815,                0.85982,                0.77838,                0.85657,                0.61598,                0.83353,                0.84188,                 1.0177,              0.0012957,              0.0012957,              0.0012957
                     47,                0.91174,                0.82653,                 1.1063,                0.79763,                0.72826,                0.81842,                0.57243,                 0.9119,                0.93046,                 1.0781,              0.0012874,              0.0012874,              0.0012874
                     48,                0.90214,                0.81176,                 1.0726,                0.84194,                0.78595,                 0.8358,                0.57149,                0.96333,                0.89103,                 1.1343,              0.0012792,              0.0012792,              0.0012792
                     49,                0.86758,                0.78913,                 1.0567,                0.88002,                0.79092,                0.85927,                0.59363,                0.94313,                0.83156,                 1.0779,              0.0012709,              0.0012709,              0.0012709
                     50,                0.86338,                0.78359,                 1.0538,                0.83086,                0.81907,                0.85321,                0.60253,                0.91977,                0.83512,                 1.0498,              0.0012627,              0.0012627,              0.0012627
                     51,                0.89957,                0.76468,                 1.0716,                0.82744,                0.82045,                0.85327,                0.62837,                 0.8345,                 0.7915,                 1.0219,              0.0012544,              0.0012544,              0.0012544
                     52,                0.88902,                0.79202,                  1.104,                0.87903,                0.81823,                0.87407,                0.61897,                0.90752,                0.76201,                  1.054,              0.0012462,              0.0012462,              0.0012462
                     53,                0.87259,                 0.7487,                 1.0452,                0.89914,                0.82924,                 0.8926,                0.65077,                 0.8225,                0.69741,                 1.0157,              0.0012379,              0.0012379,              0.0012379
                     54,                0.87182,                0.75591,                  1.081,                0.85549,                0.85072,                0.87539,                0.64404,                0.80941,                0.68714,                0.99986,              0.0012297,              0.0012297,              0.0012297
                     55,                0.81909,                0.71628,                 1.0433,                0.85826,                 0.8522,                0.87262,                0.64772,                0.79422,                0.69062,                0.97376,              0.0012214,              0.0012214,              0.0012214
                     56,                0.83232,                0.75234,                 1.0574,                0.88361,                0.85548,                0.88478,                0.64842,                0.81033,                0.67665,                0.98326,              0.0012132,              0.0012132,              0.0012132
                     57,                0.79722,                0.73465,                 1.0535,                0.86097,                 0.8414,                0.88131,                0.62999,                0.85718,                0.72863,                 1.0015,              0.0012049,              0.0012049,              0.0012049
                     58,                0.84297,                0.76735,                 1.0497,                0.89966,                0.81329,                0.87497,                0.63122,                 0.8421,                0.70839,                 1.0124,              0.0011967,              0.0011967,              0.0011967
                     59,                0.81819,                0.74324,                 1.0441,                 0.8959,                0.82718,                0.87185,                0.64237,                0.82066,                  0.709,                 1.0087,              0.0011884,              0.0011884,              0.0011884
                     60,                0.81229,                0.73933,                 1.0606,                0.85742,                0.82117,                0.85086,                0.62941,                 0.8237,                0.72914,                 1.0005,              0.0011802,              0.0011802,              0.0011802
                     61,                  0.818,                0.71156,                 1.0482,                0.86356,                0.81989,                0.85825,                 0.6506,                0.80035,                0.72594,                 1.0026,              0.0011719,              0.0011719,              0.0011719
                     62,                0.80391,                0.72374,                 1.0658,                0.85403,                0.80799,                0.85399,                0.63071,                0.81525,                0.76081,                0.99821,              0.0011636,              0.0011636,              0.0011636
                     63,                0.78565,                0.71885,                 1.0375,                0.87177,                0.84126,                 0.8805,                0.67044,                0.74084,                0.67211,                0.94864,              0.0011554,              0.0011554,              0.0011554
                     64,                0.84114,                0.73711,                 1.0463,                0.89956,                0.84806,                0.89294,                 0.6686,                 0.7602,                0.71514,                0.96643,              0.0011471,              0.0011471,              0.0011471
                     65,                 0.7959,                0.69578,                 1.0281,                0.87766,                0.86109,                0.90606,                0.68543,                0.73176,                0.72487,                 0.9489,              0.0011389,              0.0011389,              0.0011389
                     66,                0.78192,                0.70599,                 1.0622,                0.87776,                0.87054,                0.90925,                0.67512,                0.76202,                0.68355,                 0.9643,              0.0011306,              0.0011306,              0.0011306
                     67,                0.84769,                0.72934,                 1.0614,                0.86814,                0.86325,                0.90598,                0.67323,                0.76476,                0.70384,                0.97737,              0.0011224,              0.0011224,              0.0011224
                     68,                0.78838,                0.67739,                  1.034,                0.89345,                0.84252,                0.89466,                0.67515,                0.73794,                0.70725,                0.95415,              0.0011141,              0.0011141,              0.0011141
                     69,                0.80406,                0.69018,                 1.0229,                0.88631,                0.84542,                0.89611,                0.68019,                0.71797,                0.69134,                0.94316,              0.0011059,              0.0011059,              0.0011059
                     70,                0.79184,                0.67038,                 1.0288,                0.92104,                0.82838,                0.89119,                0.68737,                0.71949,                0.64021,                0.93482,              0.0010976,              0.0010976,              0.0010976
                     71,                0.81786,                0.68887,                 1.0513,                0.90842,                 0.8509,                0.90281,                0.69963,                0.72556,                 0.6335,                0.93124,              0.0010894,              0.0010894,              0.0010894
                     72,                0.78189,                0.66905,                 1.0249,                0.89818,                0.87917,                0.91019,                0.70262,                0.69287,                0.58418,                0.92301,              0.0010811,              0.0010811,              0.0010811
                     73,                0.79109,                 0.6614,                 1.0223,                0.92524,                0.88939,                0.92084,                0.70604,                0.67936,                0.57666,                0.91399,              0.0010729,              0.0010729,              0.0010729
                     74,                0.77844,                 0.6781,                 1.0185,                0.94117,                0.86388,                0.92083,                0.69323,                0.69239,                0.58442,                0.92479,              0.0010646,              0.0010646,              0.0010646
                     75,                0.78865,                 0.6757,                 1.0355,                0.92072,                0.86274,                0.91434,                 0.6912,                0.71313,                0.60463,                 0.9351,              0.0010564,              0.0010564,              0.0010564
                     76,                0.81246,                0.68969,                 1.0391,                0.92155,                0.85751,                0.91264,                 0.7019,                0.67847,                0.58864,                0.91892,              0.0010481,              0.0010481,              0.0010481
                     77,                0.79557,                 0.6922,                 1.0508,                0.92473,                0.86426,                0.91731,                0.66936,                0.76074,                0.61304,                0.94741,              0.0010399,              0.0010399,              0.0010399
                     78,                0.76832,                0.65857,                 1.0182,                0.89183,                0.87252,                 0.9221,                0.68516,                0.73801,                0.60425,                 0.9362,              0.0010316,              0.0010316,              0.0010316
                     79,                0.77138,                0.67407,                 1.0314,                0.91945,                0.86528,                0.91751,                0.70256,                0.68707,                0.57188,                0.91666,              0.0010234,              0.0010234,              0.0010234
                     80,                0.79705,                 0.6572,                 1.0199,                0.90513,                0.87927,                0.91503,                0.68668,                0.73953,                0.60595,                0.93771,              0.0010151,              0.0010151,              0.0010151
                     81,                0.77521,                0.62116,                 1.0261,                0.92697,                0.85185,                0.92006,                0.70785,                0.70363,                0.59757,                0.92385,              0.0010069,              0.0010069,              0.0010069
                     82,                0.74295,                0.62575,                0.99687,                0.91566,                0.85415,                0.92083,                0.71232,                0.68981,                0.59849,                 0.9163,             0.00099862,             0.00099862,             0.00099862
                     83,                0.74728,                 0.6286,                 1.0119,                0.91721,                0.84193,                 0.9147,                0.71518,                0.66738,                0.61795,                0.91562,             0.00099036,             0.00099036,             0.00099036
                     84,                0.75467,                0.62131,                0.99399,                0.89604,                0.86949,                0.92085,                0.72154,                0.66736,                0.58135,                0.90616,             0.00098211,             0.00098211,             0.00098211
                     85,                0.73299,                0.61069,                 1.0038,                0.90245,                0.87102,                 0.9212,                0.72656,                0.64829,                0.54994,                0.89921,             0.00097386,             0.00097386,             0.00097386
                     86,                0.74012,                0.62247,                0.99821,                0.92123,                0.84946,                0.91335,                0.72444,                0.66022,                0.55787,                0.90924,             0.00096561,             0.00096561,             0.00096561
                     87,                 0.7461,                0.61511,                0.99988,                0.92686,                0.85191,                0.92059,                0.72996,                0.62851,                0.55582,                0.90157,             0.00095736,             0.00095736,             0.00095736
                     88,                0.71604,                0.59533,                0.99036,                0.88049,                0.88459,                0.91929,                0.72968,                 0.6294,                0.54783,                0.89268,             0.00094911,             0.00094911,             0.00094911
                     89,                0.70368,                0.57549,                  0.953,                0.90276,                0.88342,                0.91568,                 0.7291,                 0.6295,                0.53975,                0.89552,             0.00094085,             0.00094085,             0.00094085
                     90,                0.71056,                0.57265,                0.98035,                0.91503,                0.88782,                0.91771,                0.72623,                0.65461,                 0.5279,                 0.9047,              0.0009326,              0.0009326,              0.0009326
                     91,                0.70875,                0.56253,                0.99015,                0.91537,                 0.8939,                0.91825,                0.73037,                0.62846,                0.52232,                 0.8939,             0.00092435,             0.00092435,             0.00092435
                     92,                0.71165,                0.56467,                0.99301,                0.91457,                 0.8967,                0.91833,                0.73091,                0.62696,                0.52406,                0.89131,              0.0009161,              0.0009161,              0.0009161
                     93,                 0.6994,                0.59896,                0.97862,                0.91496,                0.89636,                0.91952,                0.72444,                0.61069,                0.52118,                0.88706,             0.00090785,             0.00090785,             0.00090785
                     94,                0.70511,                0.59934,                0.99848,                0.91685,                0.89814,                0.92768,                0.72747,                0.60732,                0.52188,                0.88587,              0.0008996,              0.0008996,              0.0008996
                     95,                0.68527,                0.60639,                0.98507,                0.94544,                 0.8797,                0.93269,                0.73987,                0.60902,                0.49945,                0.88168,             0.00089134,             0.00089134,             0.00089134
                     96,                0.69441,                0.58616,                0.99421,                0.93883,                0.88766,                 0.9261,                0.74529,                 0.5887,                0.49415,                0.87702,             0.00088309,             0.00088309,             0.00088309
                     97,                 0.7082,                0.56899,                0.99955,                0.92913,                0.88785,                0.92737,                0.74677,                0.59085,                0.50752,                0.88202,             0.00087484,             0.00087484,             0.00087484
                     98,                0.69351,                0.57428,                0.98529,                0.92925,                0.87903,                0.92387,                0.73864,                0.62032,                0.51605,                0.88778,             0.00086659,             0.00086659,             0.00086659
                     99,                0.69467,                0.59601,                0.98362,                0.93931,                0.87484,                0.91973,                0.73835,                0.59767,                0.49287,                0.88142,             0.00085834,             0.00085834,             0.00085834
                    100,                0.69048,                0.57663,                0.99829,                0.93617,                0.86987,                0.92462,                 0.7388,                0.60378,                0.50361,                0.88424,             0.00085009,             0.00085009,             0.00085009
                    101,                0.66596,                0.56074,                0.97912,                0.94263,                0.86731,                0.92859,                0.74401,                 0.5899,                0.49823,                0.87665,             0.00084184,             0.00084184,             0.00084184
                    102,                0.69349,                0.59116,                0.98063,                0.93703,                0.86414,                0.92917,                0.74966,                0.57753,                0.49688,                0.87206,             0.00083358,             0.00083358,             0.00083358
                    103,                0.71205,                0.58322,                0.98224,                0.88514,                0.90412,                0.92516,                0.74988,                0.56423,                0.48493,                0.87026,             0.00082533,             0.00082533,             0.00082533
                    104,                0.69018,                0.60007,                0.98456,                0.92064,                0.86815,                0.92557,                 0.7622,                0.57439,                0.47798,                0.88062,             0.00081708,             0.00081708,             0.00081708
                    105,                0.69013,                0.57418,                0.98079,                0.90258,                0.89978,                 0.9242,                 0.7554,                0.56977,                0.48243,                 0.8744,             0.00080883,             0.00080883,             0.00080883
                    106,                0.66332,                0.54039,                0.98581,                0.92136,                0.90025,                0.92882,                0.75662,                0.56268,                0.47086,                0.86278,             0.00080058,             0.00080058,             0.00080058
                    107,                0.66087,                0.54884,                0.99138,                0.92911,                0.89355,                0.92678,                0.74946,                0.58981,                0.48421,                 0.8732,             0.00079233,             0.00079233,             0.00079233
                    108,                0.67811,                0.56991,                0.97959,                0.90402,                 0.8883,                0.92339,                0.75748,                0.57285,                0.47798,                0.86712,             0.00078407,             0.00078407,             0.00078407
                    109,                0.66536,                0.55087,                 0.9656,                0.91957,                0.87678,                0.92418,                0.76588,                0.56092,                0.46574,                0.86437,             0.00077582,             0.00077582,             0.00077582
                    110,                 0.6462,                0.55471,                0.96128,                0.93218,                0.87791,                0.92288,                0.75853,                  0.568,                0.46141,                0.87014,             0.00076757,             0.00076757,             0.00076757
                    111,                0.67457,                0.56132,                0.97994,                0.91465,                0.88105,                0.91981,                0.75856,                0.57503,                 0.4717,                0.87243,             0.00075932,             0.00075932,             0.00075932
                    112,                0.63422,                0.52722,                0.96105,                0.91452,                0.89828,                0.92469,                0.76377,                0.55176,                0.46012,                0.86145,             0.00075107,             0.00075107,             0.00075107
                    113,                0.64598,                0.53646,                0.96478,                0.91306,                0.90245,                0.92635,                0.76847,                0.54777,                0.45736,                0.85664,             0.00074282,             0.00074282,             0.00074282
                    114,                 0.6154,                0.54049,                0.94066,                0.90745,                0.90307,                0.92577,                0.76975,                0.53645,                0.45398,                0.85151,             0.00073456,             0.00073456,             0.00073456
                    115,                0.64228,                 0.5253,                0.96294,                0.91201,                0.89254,                0.92788,                0.76729,                0.54354,                0.45421,                0.85472,             0.00072631,             0.00072631,             0.00072631
                    116,                0.66287,                0.52568,                0.97459,                0.94262,                 0.8849,                 0.9294,                0.76739,                0.54177,                0.44839,                 0.8542,             0.00071806,             0.00071806,             0.00071806
                    117,                0.62742,                0.50183,                0.96847,                0.93964,                0.88884,                0.92899,                0.77148,                0.53645,                0.44197,                0.85218,             0.00070981,             0.00070981,             0.00070981
                    118,                0.64766,                0.53062,                0.97215,                0.92325,                 0.8975,                0.92953,                0.77717,                 0.5374,                0.44258,                0.85431,             0.00070156,             0.00070156,             0.00070156
                    119,                0.63173,                0.55055,                0.95531,                 0.9229,                0.89537,                0.93273,                0.77912,                0.54573,                 0.4399,                0.85917,             0.00069331,             0.00069331,             0.00069331
                    120,                0.63523,                0.52533,                0.96909,                0.90313,                0.90412,                0.93566,                0.76337,                0.54344,                0.45149,                0.85275,             0.00068505,             0.00068505,             0.00068505
                    121,                0.62774,                0.52225,                 0.9602,                0.92428,                0.89384,                0.93532,                0.75699,                0.53861,                0.45541,                0.85471,              0.0006768,              0.0006768,              0.0006768
                    122,                0.61245,                0.50112,                0.93867,                0.94621,                0.86734,                0.93502,                0.76021,                0.56159,                0.46367,                0.86375,             0.00066855,             0.00066855,             0.00066855
                    123,                0.63152,                0.55329,                0.96944,                0.92783,                0.89331,                0.93685,                0.77676,                0.53711,                0.44555,                  0.857,              0.0006603,              0.0006603,              0.0006603
                    124,                0.63192,                 0.5258,                0.95356,                0.95356,                0.88056,                0.93481,                0.77498,                0.52492,                0.44045,                0.85122,             0.00065205,             0.00065205,             0.00065205
                    125,                0.63993,                0.52515,                 0.9477,                0.93947,                 0.8812,                0.93413,                 0.7738,                0.53566,                0.45114,                0.85508,              0.0006438,              0.0006438,              0.0006438
                    126,                0.63301,                0.50784,                0.94546,                0.92975,                0.88678,                0.93708,                0.77474,                0.53272,                0.45265,                0.85022,             0.00063554,             0.00063554,             0.00063554
                    127,                0.62983,                0.52345,                0.96597,                0.93629,                0.88719,                0.93863,                0.78664,                0.50943,                0.43854,                0.84521,             0.00062729,             0.00062729,             0.00062729
                    128,                0.63114,                0.50326,                0.95135,                0.93878,                0.89097,                0.93947,                0.80017,                0.49398,                0.42831,                0.84357,             0.00061904,             0.00061904,             0.00061904
                    129,                 0.6196,                0.48979,                0.96269,                0.94202,                0.89396,                0.94256,                0.79552,                0.49702,                0.42069,                0.83882,             0.00061079,             0.00061079,             0.00061079
                    130,                0.60056,                 0.5051,                0.95801,                0.93924,                 0.8997,                0.93897,                0.79448,                0.51518,                0.42121,                0.84194,             0.00060254,             0.00060254,             0.00060254
                    131,                0.59267,                0.47643,                0.95093,                0.92827,                0.90155,                0.93951,                0.80097,                 0.4955,                0.42189,                0.83619,             0.00059429,             0.00059429,             0.00059429
                    132,                0.61219,                0.53751,                0.95025,                0.92743,                0.90058,                0.93799,                0.80094,                0.50111,                0.43869,                0.83794,             0.00058603,             0.00058603,             0.00058603
                    133,                0.58893,                0.52399,                0.94804,                0.94217,                0.89445,                0.93805,                0.79895,                0.50571,                0.43794,                0.83885,             0.00057778,             0.00057778,             0.00057778
                    134,                0.59297,                 0.5012,                0.94263,                0.93495,                0.90098,                 0.9394,                0.79216,                0.50192,                0.43516,                0.83658,             0.00056953,             0.00056953,             0.00056953
                    135,                0.59687,                 0.5085,                0.95191,                0.92665,                 0.9015,                0.93698,                0.79002,                 0.4959,                0.41838,                0.83561,             0.00056128,             0.00056128,             0.00056128
                    136,                0.58871,                0.47739,                0.94816,                0.95291,                0.88286,                0.93774,                0.79162,                 0.4869,                0.41412,                0.83187,             0.00055303,             0.00055303,             0.00055303
                    137,                0.58142,                0.48748,                0.93799,                 0.9389,                0.89488,                0.93789,                0.79174,                0.48783,                0.41331,                0.82988,             0.00054478,             0.00054478,             0.00054478
                    138,                0.56213,                0.49539,                0.93189,                 0.9248,                0.90943,                0.93743,                0.79162,                0.49114,                0.41434,                0.83022,             0.00053652,             0.00053652,             0.00053652
                    139,                0.60695,                0.50301,                0.93959,                 0.9384,                0.90269,                0.93563,                0.79519,                0.48766,                0.41038,                0.82891,             0.00052827,             0.00052827,             0.00052827
                    140,                0.59249,                0.49329,                0.94085,                0.93873,                0.89852,                0.93783,                0.79903,                0.48654,                0.41425,                0.82895,             0.00052002,             0.00052002,             0.00052002
                    141,                0.58137,                0.48647,                0.93304,                0.94222,                0.90045,                0.93795,                0.80033,                0.47651,                0.40552,                0.82463,             0.00051177,             0.00051177,             0.00051177
                    142,                0.57231,                0.47048,                0.92694,                0.93778,                0.90584,                0.93887,                0.80445,                0.46311,                0.40343,                0.82162,             0.00050352,             0.00050352,             0.00050352
                    143,                0.56164,                0.47644,                0.91762,                0.92873,                0.89987,                0.93796,                0.80445,                0.46441,                0.39941,                0.81986,             0.00049527,             0.00049527,             0.00049527
                    144,                0.58124,                0.48685,                0.93277,                0.92187,                0.90706,                0.93709,                0.80856,                0.46765,                0.40626,                0.82269,             0.00048701,             0.00048701,             0.00048701
                    145,                0.59347,                0.50286,                0.94616,                 0.9177,                0.90349,                 0.9353,                0.80873,                0.46556,                0.40307,                0.82243,             0.00047876,             0.00047876,             0.00047876
                    146,                0.59006,                0.46627,                0.94003,                0.91227,                0.90407,                0.93556,                0.80703,                0.46325,                 0.3993,                0.82035,             0.00047051,             0.00047051,             0.00047051
                    147,                0.59669,                0.50351,                0.93312,                0.91866,                0.90466,                0.93623,                0.80302,                 0.4685,                0.40392,                0.82054,             0.00046226,             0.00046226,             0.00046226
                    148,                0.57397,                0.50352,                0.93668,                 0.9197,                0.90659,                0.93647,                0.80089,                0.46325,                0.40635,                0.81935,             0.00045401,             0.00045401,             0.00045401
                    149,                0.56373,                0.45804,                 0.9371,                0.93419,                0.88681,                0.93721,                0.79292,                0.46057,                0.39799,                0.81822,             0.00044576,             0.00044576,             0.00044576
                    150,                0.55311,                0.48762,                0.92287,                0.91717,                0.89979,                0.93767,                0.81066,                  0.446,                0.39462,                0.82018,              0.0004375,              0.0004375,              0.0004375
                    151,                0.57818,                0.49533,                 0.9341,                0.90128,                0.91278,                0.93594,                0.80682,                0.45543,                0.39394,                0.82522,             0.00042925,             0.00042925,             0.00042925
                    152,                0.55635,                0.46019,                0.93494,                0.94335,                0.88371,                0.93872,                0.80834,                0.45537,                0.38966,                 0.8229,               0.000421,               0.000421,               0.000421
                    153,                0.56883,                0.46744,                0.92341,                0.93412,                0.90014,                0.93705,                0.81386,                0.44985,                0.39007,                0.81895,             0.00041275,             0.00041275,             0.00041275
                    154,                0.54484,                0.46773,                0.91046,                0.94345,                0.88921,                0.93369,                0.80794,                0.44224,                0.39248,                0.81548,              0.0004045,              0.0004045,              0.0004045
                    155,                0.53687,                0.46173,                 0.9176,                 0.9578,                0.87905,                0.93743,                0.81049,                0.43504,                0.39112,                0.81249,             0.00039625,             0.00039625,             0.00039625
                    156,                0.56795,                0.48137,                0.93631,                0.96338,                0.86987,                 0.9385,                0.80968,                0.43126,                0.38459,                0.81008,             0.00038799,             0.00038799,             0.00038799
                    157,                0.56792,                0.48461,                0.93614,                0.95142,                0.87853,                0.93925,                 0.8154,                0.42716,                0.38186,                 0.8096,             0.00037974,             0.00037974,             0.00037974
                    158,                 0.5493,                0.45551,                0.89938,                0.94261,                 0.8881,                0.94003,                0.81362,                0.43555,                0.38493,                0.81187,             0.00037149,             0.00037149,             0.00037149
                    159,                0.53032,                0.45519,                 0.9106,                0.94574,                 0.8953,                0.94157,                0.81518,                0.43839,                0.38064,                0.81284,             0.00036324,             0.00036324,             0.00036324
                    160,                0.52231,                0.45409,                0.90907,                0.95464,                0.88884,                0.94216,                0.81577,                0.43334,                0.37629,                0.81252,             0.00035499,             0.00035499,             0.00035499
                    161,                 0.5494,                0.44262,                0.91758,                0.96656,                0.88092,                0.94324,                 0.8191,                0.42878,                0.37303,                0.81233,             0.00034674,             0.00034674,             0.00034674
                    162,                0.50409,                0.43523,                0.91276,                 0.9236,                0.92027,                0.94348,                0.81928,                0.43331,                0.37543,                0.81355,             0.00033848,             0.00033848,             0.00033848
                    163,                0.54322,                0.44982,                0.93217,                0.92949,                0.91618,                0.94299,                0.82023,                0.43532,                0.37776,                0.81422,             0.00033023,             0.00033023,             0.00033023
                    164,                0.52326,                0.43943,                0.91447,                0.93606,                0.90931,                0.94404,                 0.8225,                0.44265,                0.37558,                0.81629,             0.00032198,             0.00032198,             0.00032198
                    165,                0.53997,                0.43484,                0.91541,                0.93749,                0.90543,                0.94369,                0.82613,                0.43111,                0.37425,                0.81306,             0.00031373,             0.00031373,             0.00031373
                    166,                0.55356,                0.43419,                0.91944,                0.93788,                0.90378,                 0.9436,                0.83264,                0.42493,                0.37182,                0.80982,             0.00030548,             0.00030548,             0.00030548
                    167,                0.53997,                0.46255,                0.92332,                0.96048,                0.88109,                0.94276,                0.82409,                0.42701,                0.37284,                0.80756,             0.00029723,             0.00029723,             0.00029723
                    168,                 0.5365,                0.45061,                0.91637,                0.95438,                0.88128,                0.94258,                 0.8218,                0.42845,                 0.3717,                0.80558,             0.00028897,             0.00028897,             0.00028897
                    169,                0.52807,                0.43503,                0.92374,                0.93401,                0.89855,                0.94287,                0.82179,                0.42845,                0.37109,                0.80625,             0.00028072,             0.00028072,             0.00028072
                    170,                0.51802,                 0.4372,                0.90468,                0.91182,                0.91547,                 0.9426,                0.82989,                0.42146,                0.36703,                0.80624,             0.00027247,             0.00027247,             0.00027247
                    171,                0.56186,                0.45942,                0.94363,                 0.9411,                0.89685,                0.94233,                0.82809,                 0.4195,                0.36491,                0.80717,             0.00026422,             0.00026422,             0.00026422
                    172,                0.51355,                0.43546,                 0.9239,                0.94089,                0.90097,                0.94248,                0.83016,                0.41014,                0.36163,                0.80555,             0.00025597,             0.00025597,             0.00025597
                    173,                0.51168,                0.44176,                0.91565,                0.94795,                0.89995,                0.94252,                0.83427,                0.40547,                0.35656,                0.80277,             0.00024772,             0.00024772,             0.00024772
                    174,                0.50648,                0.41888,                0.91614,                0.93938,                0.91052,                0.94329,                0.83301,                0.40533,                0.35378,                0.80233,             0.00023946,             0.00023946,             0.00023946
                    175,                0.51561,                0.42695,                0.90599,                 0.9333,                0.91686,                 0.9436,                0.83261,                0.41064,                0.35595,                0.80387,             0.00023121,             0.00023121,             0.00023121
                    176,                0.50261,                0.41893,                0.91454,                 0.9293,                0.91316,                0.94327,                0.83291,                0.42079,                0.35749,                0.80563,             0.00022296,             0.00022296,             0.00022296
                    177,                0.51895,                0.43492,                0.90938,                0.93441,                0.91403,                0.94429,                0.83655,                0.40686,                0.35419,                0.80372,             0.00021471,             0.00021471,             0.00021471
                    178,                0.48794,                0.41132,                0.89564,                0.93808,                0.90718,                0.94448,                0.83485,                0.40323,                0.35366,                0.80267,             0.00020646,             0.00020646,             0.00020646
                    179,                0.52535,                0.44891,                 0.9283,                0.93688,                0.90966,                0.94418,                0.83707,                0.39866,                0.35263,                0.80202,             0.00019821,             0.00019821,             0.00019821
                    180,                0.50482,                0.44333,                0.91335,                0.93656,                0.90868,                 0.9449,                0.83826,                0.39903,                0.35199,                0.80102,             0.00018995,             0.00018995,             0.00018995
                    181,                0.52755,                0.43667,                0.92111,                0.94576,                0.90375,                0.94536,                0.83643,                0.40285,                0.35289,                0.80091,              0.0001817,              0.0001817,              0.0001817
                    182,                0.49794,                0.42915,                0.90003,                0.93068,                0.90883,                0.94536,                0.83938,                0.39897,                0.34947,                 0.8005,             0.00017345,             0.00017345,             0.00017345
                    183,                0.50854,                0.45018,                0.90669,                0.93464,                0.90616,                0.94561,                0.83997,                0.39777,                 0.3464,                0.79988,              0.0001652,              0.0001652,              0.0001652
                    184,                0.47666,                0.41592,                0.89854,                0.93458,                0.90812,                0.94655,                0.84148,                0.39255,                0.34559,                0.79877,             0.00015695,             0.00015695,             0.00015695
                    185,                0.49588,                0.43154,                0.90981,                0.92728,                0.91582,                0.94648,                0.83917,                0.39245,                0.34685,                0.79856,              0.0001487,              0.0001487,              0.0001487
                    186,                0.49526,                 0.4546,                0.92425,                0.92571,                 0.9152,                0.94667,                0.83749,                0.39294,                0.34911,                0.79784,             0.00014044,             0.00014044,             0.00014044
                    187,                0.48389,                0.42905,                0.91395,                0.92336,                0.91761,                0.94717,                0.83911,                 0.3901,                0.34832,                0.79677,             0.00013219,             0.00013219,             0.00013219
                    188,                0.45901,                0.42663,                0.90526,                0.92606,                 0.9165,                0.94699,                0.84034,                0.38954,                0.34867,                0.79636,             0.00012394,             0.00012394,             0.00012394
                    189,                0.46389,                0.41426,                0.89113,                0.92476,                0.91576,                0.94672,                 0.8392,                0.38989,                0.34922,                0.79602,             0.00011569,             0.00011569,             0.00011569
                    190,                0.51182,                0.47147,                0.88774,                0.92579,                0.91316,                0.94415,                0.83663,                0.39272,                0.35116,                0.79586,             0.00010744,             0.00010744,             0.00010744
                    191,                0.51415,                0.46403,                 0.8701,                0.93447,                 0.9118,                0.94506,                0.83719,                 0.3934,                0.35219,                0.79547,             9.9187e-05,             9.9187e-05,             9.9187e-05
                    192,                0.49875,                0.45243,                0.87808,                 0.9322,                0.91641,                0.94399,                0.83627,                0.40005,                0.35474,                0.79675,             9.0935e-05,             9.0935e-05,             9.0935e-05
                    193,                0.49235,                0.41051,                0.86431,                0.93923,                0.91201,                0.94579,                0.83403,                0.40738,                0.36078,                0.79854,             8.2683e-05,             8.2683e-05,             8.2683e-05
                    194,                0.49194,                0.40879,                0.87876,                0.95367,                  0.899,                0.94485,                0.83371,                0.40859,                0.36546,                0.79857,             7.4432e-05,             7.4432e-05,             7.4432e-05
                    195,                0.49824,                0.42064,                0.86965,                0.95431,                0.89623,                0.94444,                0.83425,                0.40642,                0.36884,                0.79757,              6.618e-05,              6.618e-05,              6.618e-05
                    196,                0.51021,                0.41722,                0.86912,                 0.9524,                0.89788,                0.94371,                0.83058,                0.40653,                0.36996,                0.79701,             5.7928e-05,             5.7928e-05,             5.7928e-05
                    197,                0.48862,                0.40852,                0.87519,                0.95199,                0.89634,                0.94311,                0.82928,                0.40527,                0.36845,                0.79636,             4.9677e-05,             4.9677e-05,             4.9677e-05
                    198,                0.46734,                0.41045,                0.87211,                0.94498,                0.89916,                0.94285,                0.82988,                0.40194,                0.36511,                0.79553,             4.1425e-05,             4.1425e-05,             4.1425e-05
                    199,                 0.4919,                0.39279,                0.86955,                0.94758,                0.89983,                0.94282,                0.83284,                0.39807,                0.36186,                0.79517,             3.3173e-05,             3.3173e-05,             3.3173e-05
